Country,Iso3c,2012 Rank,2012 Score,2013 Rank,2013 Score,2014 Rank,2014 Score,2015 Rank,2015 Score,2016 Rank,2016 Score,2017 Rank,2017 Score,2018 Rank,2018 Score,2019 Rank,2019 Score,2020 Rank,2020 Score,2021 Rank,2021 Score,2022 Rank,2022 Score
Afghanistan,AFG,3,9.13426455513087,3,8.93545785580996,4,8.89986138304745,3,8.86429401205157,3,8.71357321104664,2,8.8521582567026,2,9.06652891816506,1,9.03900560514346,1,9.05633576035174,1,9.1300885941401,1,8.82224371341993
Albania,ALB,97,0.826318935360223,99,0.508313378859537,105,0.226890594371813,106,0.0,106,0.0,108,0.0,110,0.0,112,0.0,105,0.0,96,0.0,93,0.0
Algeria,DZA,14,6.69568220841263,16,6.4762539660373,20,6.12956806847972,26,5.79474063381594,32,5.34550439395086,37,5.03290622091392,36,5.11301641890588,39,4.75106868214026,43,4.32621263475475,40,4.42600161438672,37,4.0828347785778
Angola,AGO,72,2.36465995360453,82,1.65773990495816,74,2.01682007122644,90,1.24105004001805,95,0.826318935360223,102,0.508313378859537,90,1.31972173286483,96,0.826318935360223,91,0.508313378859537,89,0.290978597681926,90,0.157670277511823
Argentina,ARG,63,2.81089881619837,66,2.58199473478214,75,1.99125784680112,94,1.1544986362098,87,1.45838482119566,61,3.11329397961675,60,3.39340308878743,63,3.00252983635947,67,2.42954980425527,57,2.77321873639432,57,2.87546553100419
Armenia,ARM,111,0.157670277511823,110,0.0,110,0.0,106,0.0,88,1.24105004001805,96,0.826318935360223,103,0.508313378859537,105,0.290978597681926,100,0.157670277511823,96,0.0,93,0.0
Australia,AUS,112,0.0,110,0.0,66,2.72646182003247,66,2.78365901162542,70,2.63287954583076,64,2.90000029128283,66,3.08933698238307,67,2.62460395832545,59,3.02112823692736,61,2.4347437675856,69,1.83012146326686
Austria,AUT,87,1.52018198264983,91,1.03249495145761,110,0.0,106,0.0,62,3.1411929246903,69,2.56434529984762,76,2.34190094814883,82,1.79828502296523,50,3.80348278701482,53,3.25666984416089,61,2.67703166415428
Azerbaijan,AZE,69,2.40845626353178,83,1.52018198264983,90,1.05831156396975,100,0.681851850109894,88,1.24105004001805,96,0.826318935360223,103,0.508313378859537,105,0.290978597681926,100,0.157670277511823,96,0.0,93,0.0
Bahrain,BHR,49,3.82137931006798,35,4.48890517334813,27,4.86982855993835,39,4.50512348542946,49,4.38409302128929,45,4.58539630382567,52,3.95260127869559,61,3.25064339263054,63,2.61624841221485,65,2.14169132647598,79,0.826318935360223
Bangladesh,BGD,37,4.45352237160245,34,4.52057916122092,37,4.185120352987,30,5.40643166399286,29,5.75088630166082,30,5.59361878389931,38,5.03316287391919,40,4.75071302007688,41,4.41715322602006,41,4.40556631060767,43,3.82657327339831
Belarus,BLR,36,4.56711616854283,44,3.94901292377567,56,3.35852770586791,67,2.77321873639432,106,0.0,108,0.0,110,0.0,112,0.0,105,0.0,96,0.0,93,0.0
Belgium,BEL,97,0.826318935360223,99,0.508313378859537,60,3.07463760930735,68,2.76265087826904,27,5.77363658729867,33,5.21943783893352,43,4.77871359780948,48,4.17548851743813,51,3.58020124882344,70,1.74247260716042,59,2.76265087826904
Benin,BEN,112,0.0,110,0.0,110,0.0,106,0.0,106,0.0,108,0.0,110,0.0,71,2.45014106978246,73,1.90014288467225,51,3.59926830800999,28,4.83954827469584
Bhutan,BTN,85,1.71909841953764,105,0.290978597681926,110,0.0,106,0.0,106,0.0,108,0.0,110,0.0,112,0.0,105,0.0,96,0.0,93,0.0
Bolivia,BOL,94,0.950071442336124,97,0.555070295221389,110,0.0,106,0.0,106,0.0,108,0.0,110,0.0,112,0.0,105,0.0,96,0.0,93,0.0
Bosnia and Herzegovina,BIH,80,1.97378670117656,77,1.84047838100646,84,1.33832013343272,53,3.41367258609737,65,2.82420357546861,73,2.25716824594657,84,1.70717006083636,91,1.22021066308623,105,0.0,96,0.0,93,0.0
Botswana,BWA,112,0.0,110,0.0,110,0.0,106,0.0,106,0.0,108,0.0,110,0.0,112,0.0,105,0.0,96,0.0,93,0.0
Brazil,BRA,97,0.826318935360223,99,0.508313378859537,100,0.290978597681926,82,1.73086448260274,79,1.73086448260274,89,1.24105004001805,87,1.52018198264983,80,1.97378670117656,82,1.42574727634863,83,0.950071442336124,85,0.59942834098841
Bulgaria,BGR,42,4.25476159577154,50,3.66162268101367,60,3.07463760930735,70,2.49957122566066,77,1.93774847442113,108,0.0,110,0.0,112,0.0,105,0.0,96,0.0,93,0.0
Burkina Faso,BFA,112,0.0,110,0.0,110,0.0,52,3.47177749998986,30,5.61260262981011,21,6.21922290401884,15,6.85242626239726,7,7.89344984942426,6,8.12039247163553,4,8.28114030504626,2,8.56410076490047
Burundi,BDI,32,4.73527950455555,40,4.13802128338827,52,3.53352083228869,36,5.14944134344709,44,4.52197062136812,35,5.15190545992944,46,4.55471114832839,52,3.95973362671119,56,3.14575648301092,33,4.71661024744486,39,4.05067099518611
Cambodia,KHM,81,1.95595530047705,85,1.42574727634863,92,0.950071442336124,102,0.59942834098841,105,0.350643101347714,108,0.0,110,0.0,112,0.0,105,0.0,96,0.0,93,0.0
Cameroon,CMR,58,3.23024640242245,58,3.07956521406353,19,6.17644661419383,11,7.39473460823085,11,7.26428118958749,12,7.27404596614114,10,7.62365657909601,10,7.78472109147061,11,7.63202199715208,12,7.46686111064486,11,7.34700163766975
Canada,CAN,95,0.890406938670335,104,0.406455517152519,62,2.88781991675726,71,2.48990864139466,67,2.74111966746439,49,4.24587883819641,44,4.71438712978121,49,4.13585116356714,46,4.0105930694706,48,3.93724686071058,54,3.2745012448604
Central African Republic,CAF,44,4.1727167448893,51,3.58020124882344,39,4.0546580575501,35,5.17224404845533,33,5.29771365523647,43,4.69752904634248,51,4.10187544855768,59,3.47333708976316,66,2.46025571485066,67,1.90014288467225,55,3.19442771624724
Chad,TCD,91,1.05831156396975,94,0.681851850109894,99,0.406455517152519,17,6.73697617802325,20,6.27714069428737,24,5.81492634488469,25,5.83668069163132,22,6.2345819053111,16,6.65034191228531,19,6.37022631954378,19,6.16778349284037
Chile,CHL,64,2.80416888110616,56,3.2281799921324,40,3.94540961733375,47,3.85107906313869,51,4.13729851502617,46,4.5293541650032,35,5.12255680467022,29,5.48370374049129,23,5.98733043898687,18,6.53446940601174,17,6.61929857272643
China,CHN,30,5.01001714885673,27,4.98623486401738,18,6.2751289105221,21,6.61860137452806,22,6.05493825411348,28,5.62317367758944,39,5.01133402484579,47,4.17894078667315,64,2.56434529984762,68,1.86082737386225,93,0.0
Colombia,COL,12,7.38634935001642,10,7.37883637465365,12,7.1276575005323,15,7.10230659183214,17,6.82186820391618,16,6.73797742624366,14,7.05932490894607,12,7.35447977058492,14,7.3088492241765,14,7.0875954259929,15,6.69691979598402
Costa Rica,CRI,112,0.0,110,0.0,110,0.0,106,0.0,106,0.0,108,0.0,110,0.0,112,0.0,105,0.0,96,0.0,93,0.0
Cote d' Ivoire,CIV,43,4.23947768169506,43,3.98078437711825,55,3.38997816433099,64,2.80754039529825,41,4.77974618574698,52,4.15589691559407,59,3.5493625995793,64,2.96408829459294,44,4.27780747875347,43,4.30384099427526,47,3.74745760400636
Croatia,HRV,112,0.0,83,1.52018198264983,90,1.05831156396975,100,0.681851850109894,104,0.406455517152519,107,0.226890594371813,110,0.0,112,0.0,105,0.0,96,0.0,93,0.0
Cuba,CUB,112,0.0,110,0.0,110,0.0,106,0.0,106,0.0,108,0.0,110,0.0,112,0.0,105,0.0,96,0.0,93,0.0
Cyprus,CYP,97,0.826318935360223,99,0.508313378859537,100,0.290978597681926,105,0.157670277511823,88,1.24105004001805,82,1.73086448260274,91,1.24105004001805,96,0.826318935360223,83,1.39182950581271,66,1.92849927080111,74,1.39182950581271
Czech Republic,CZE,112,0.0,110,0.0,110,0.0,82,1.73086448260274,79,1.73086448260274,77,2.04164834957969,87,1.52018198264983,93,1.05831156396975,90,0.59942834098841,89,0.290978597681926,93,0.0
Democratic Republic of the Congo,COD,16,5.83617386849373,20,5.7454981702434,24,5.06342108447788,33,5.29922420984745,35,5.02465284677567,48,4.35028395445471,57,3.6073129455086,38,4.78625743251773,21,6.07262824700634,16,6.89601691937533,14,6.87162264069472
Denmark,DNK,97,0.826318935360223,99,0.508313378859537,100,0.290978597681926,61,3.06469735854517,73,2.48990864139466,78,1.93774847442113,82,1.84047838100646,88,1.33832013343272,91,0.508313378859537,89,0.290978597681926,90,0.157670277511823
Djibouti,DJI,112,0.0,110,0.0,68,2.66521199549208,78,2.10457007854592,83,1.5778561694534,94,1.10774171984795,101,0.720293391876421,112,0.0,105,0.0,96,0.0,44,3.8002857693445
Dominican Republic,DOM,112,0.0,110,0.0,110,0.0,106,0.0,106,0.0,108,0.0,110,0.0,112,0.0,105,0.0,96,0.0,93,0.0
Ecuador,ECU,106,0.290978597681926,89,1.2812801910983,94,0.826318935360223,87,1.39182950581271,94,0.950071442336124,101,0.59942834098841,48,4.33431108332152,53,3.9363351133463,54,3.34417397726558,58,2.76265087826904,66,2.19795782068182
Egypt,EGY,17,5.80426137909607,15,6.79271032246869,11,7.21626370114541,7,7.83907417805271,8,7.89251932336951,6,8.17963488141623,7,7.851519019366,11,7.5794910159417,13,7.30914467764534,15,6.95225716011993,16,6.63155090074775
El Salvador,SLV,65,2.56434529984762,72,2.00838300630588,84,1.33832013343272,106,0.0,106,0.0,108,0.0,110,0.0,112,0.0,105,0.0,96,0.0,93,0.0
Equatorial Guinea,GNQ,112,0.0,110,0.0,110,0.0,106,0.0,106,0.0,108,0.0,110,0.0,112,0.0,105,0.0,96,0.0,93,0.0
Eritrea,ERI,61,3.1411929246903,68,2.52792761178952,77,1.97378670117656,106,0.0,106,0.0,108,0.0,110,0.0,112,0.0,105,0.0,96,0.0,93,0.0
Estonia,EST,84,1.81963900407464,88,1.31972173286483,93,0.890406938670335,103,0.555070295221389,106,0.0,108,0.0,110,0.0,112,0.0,105,0.0,96,0.0,93,0.0
Eswatini,SWZ,102,0.792401164824301,110,0.0,110,0.0,106,0.0,106,0.0,108,0.0,110,0.0,112,0.0,105,0.0,73,1.52018198264983,78,1.05831156396975
Ethiopia,ETH,29,5.04184406226869,31,4.60160896771212,31,4.53164865373292,44,4.30085379857652,54,3.70082677823231,25,5.73803424376563,33,5.15814625615199,41,4.62413739263188,42,4.35254189906619,49,3.75873276105108,56,3.04446737653316
Finland,FIN,110,0.226890594371813,110,0.0,110,0.0,106,0.0,106,0.0,62,3.10379067195032,73,2.52792761178952,80,1.97378670117656,81,1.45838482119566,82,1.00588385814093,93,0.0
France,FRA,38,4.35928057442224,46,3.80241842713288,46,3.73603349738636,18,6.65460275885419,16,6.83035659517604,20,6.34182436694856,23,5.99089869990812,26,5.61836095329152,30,5.24572286528189,36,4.57368923511181,34,4.41924335947235
Gabon,GAB,112,0.0,110,0.0,110,0.0,106,0.0,106,0.0,82,1.73086448260274,91,1.24105004001805,96,0.826318935360223,91,0.508313378859537,89,0.290978597681926,93,0.0
Georgia,GEO,41,4.27719262462525,47,3.7609702585345,59,3.1013984372439,73,2.43990672199487,71,2.59068618778953,81,1.74247260716042,94,1.1544986362098,100,0.757098618500233,94,0.458883222981342,96,0.0,93,0.0
Germany,DEU,59,3.21986461753708,64,2.6410766905681,72,2.28223644448305,51,3.62840648623209,34,5.2018822450598,39,4.86858782472565,41,4.91334930472509,36,4.91599798151205,31,5.12463702233883,31,4.74536046144879,35,4.24204383282108
Ghana,GHA,112,0.0,110,0.0,110,0.0,106,0.0,106,0.0,108,0.0,110,0.0,112,0.0,105,0.0,96,0.0,93,0.0
Greece,GRC,45,4.02799723923586,41,4.12271482548951,51,3.58020124882344,58,3.15255698171093,59,3.36561620698927,51,4.20874080714482,47,4.49178941936215,44,4.48262277643481,38,4.69107392569564,29,4.89065317667774,31,4.79305882262799
Guatemala,GTM,48,3.88464827545523,55,3.29197239048496,67,2.71155123867754,80,2.04164834957969,84,1.52018198264983,108,0.0,110,0.0,112,0.0,105,0.0,96,0.0,93,0.0
Guinea,GIN,112,0.0,110,0.0,110,0.0,106,0.0,106,0.0,108,0.0,110,0.0,112,0.0,105,0.0,96,0.0,93,0.0
Guinea-Bissau,GNB,75,2.26979317520095,79,1.73086448260274,87,1.24105004001805,97,0.826318935360223,102,0.508313378859537,108,0.0,110,0.0,112,0.0,105,0.0,96,0.0,93,0.0
Guyana,GUY,112,0.0,110,0.0,110,0.0,106,0.0,106,0.0,108,0.0,110,0.0,112,0.0,105,0.0,96,0.0,93,0.0
Haiti,HTI,112,0.0,110,0.0,110,0.0,106,0.0,106,0.0,108,0.0,110,0.0,112,0.0,105,0.0,96,0.0,93,0.0
Honduras,HND,69,2.40845626353178,76,1.86082737386225,96,0.508313378859537,106,0.0,106,0.0,108,0.0,110,0.0,112,0.0,105,0.0,96,0.0,93,0.0
Hungary,HUN,106,0.290978597681926,109,0.157670277511823,87,1.24105004001805,97,0.826318935360223,78,1.81963900407464,88,1.31972173286483,97,0.890406938670335,103,0.508313378859537,97,0.290978597681926,96,0.0,93,0.0
Iceland,ISL,112,0.0,110,0.0,110,0.0,106,0.0,106,0.0,108,0.0,110,0.0,112,0.0,105,0.0,96,0.0,93,0.0
India,IND,8,7.8147150789474,8,7.70049111677063,8,7.48804584292142,10,7.43251061263587,10,7.52060276158293,9,7.71142448572827,6,7.89578584686805,9,7.80515480690028,10,7.66932330328139,13,7.43409396913815,13,7.17496201507097
Indonesia,IDN,26,5.23522327346869,24,5.12348196367251,28,4.69335770949187,37,4.73128675234468,40,4.80483404066411,38,4.87907776355838,24,5.8461540966702,30,5.46475074095979,28,5.37659074144044,24,5.49204609690053,24,5.50210106202012
Iran,IRN,19,5.68896479375081,21,5.48887032377781,26,4.98812926191602,34,5.26869557086639,39,4.85102798700369,34,5.16874108753443,22,6.0091867730574,25,5.96193165660789,26,5.61810004144917,26,5.14358900469698,21,5.68752106671281
Iraq,IRQ,1,9.59996702805924,1,9.87478140089336,1,9.85779599504447,1,9.79372633014894,1,10.0,1,9.74226397279452,1,9.42187101436753,2,9.01650190936496,2,8.69925914654552,2,8.52401170437275,7,8.13861781378881
Ireland,IRL,78,2.11961032363824,74,1.9468998010341,71,2.31852676052605,82,1.73086448260274,82,1.70717006083636,93,1.19885668197682,100,0.757098618500233,89,1.31972173286483,87,0.890406938670335,86,0.508313378859537,87,0.290978597681926
Israel,ISR,18,5.70904536865805,22,5.31344439490256,23,5.13061858374059,29,5.54843381800648,31,5.43317910372611,31,5.36302918507619,31,5.36530426477221,33,5.26399240607281,34,4.95982694051132,30,4.77526270617957,25,5.48902181581549
Italy,ITA,56,3.23641617148099,62,2.65724150317248,73,2.04976852468545,79,2.09695071388347,74,2.48503655924097,67,2.78365901162542,58,3.57744273836676,46,4.35254189906619,48,3.94901292377567,50,3.6814468681722,53,3.29004849137131
Jamaica,JAM,106,0.290978597681926,110,0.0,110,0.0,106,0.0,106,0.0,108,0.0,110,0.0,112,0.0,105,0.0,96,0.0,93,0.0
Japan,JPN,86,1.68280810349464,110,0.0,110,0.0,90,1.24105004001805,95,0.826318935360223,102,0.508313378859537,108,0.290978597681926,69,2.53717681540954,71,1.97378670117656,74,1.45838482119566,62,2.39771336395364
Jordan,JOR,67,2.54176458370189,75,1.93774847442113,83,1.42574727634863,55,3.33690677235789,42,4.74607605296245,53,4.14736271184521,53,3.9047494994098,50,4.04102637148657,53,3.426926367279,60,2.59068618778953,68,2.03345120484235
Kazakhstan,KAZ,47,3.95617480566033,53,3.36561620698927,65,2.78365901162542,77,2.21814844117293,52,4.04021777648151,60,3.446433787525,69,2.86293208995883,73,2.29450320753023,75,1.75392697719821,96,0.0,93,0.0
Kenya,KEN,15,6.68852204305231,14,6.96773879872877,10,7.25595736026812,12,7.27204399755268,14,6.90928100082988,14,6.95931355324636,17,6.67594330148065,20,6.56411725161248,18,6.37153760454849,20,6.23067127705331,20,6.16258536682152
Kosovo,KSV,56,3.23641617148099,57,3.13199291989236,64,2.83730673970444,74,2.31852676052605,64,2.85021432700837,74,2.24435627391112,80,1.98256639379373,87,1.42574727634863,86,0.950071442336124,89,0.290978597681926,90,0.157670277511823
Kuwait,KWT,90,1.35652695948864,93,0.890406938670335,96,0.508313378859537,28,5.57008094028124,36,4.98079931944197,47,4.38354929772852,55,3.78954286976635,62,3.20085742835609,100,0.157670277511823,96,0.0,93,0.0
Kyrgyz Republic,KGZ,79,2.00838300630588,59,3.05968405583907,69,2.48503655924097,81,1.81963900407464,75,2.38683533002177,80,1.84047838100646,94,1.1544986362098,100,0.757098618500233,94,0.458883222981342,96,0.0,93,0.0
Laos,LAO,112,0.0,110,0.0,110,0.0,106,0.0,50,4.27472882724673,58,3.6814468681722,65,3.09418176981569,70,2.51857841484165,72,1.96491695885921,96,0.0,93,0.0
Latvia,LVA,112,0.0,110,0.0,110,0.0,106,0.0,106,0.0,108,0.0,110,0.0,112,0.0,105,0.0,96,0.0,93,0.0
Lebanon,LBN,27,5.16632454455614,17,6.21058537890442,16,6.55179493013207,22,6.59447148840531,21,6.17541982937983,27,5.63809091083461,37,5.07106870560282,43,4.48697698460079,45,4.09658618255907,52,3.58020124882344,52,3.40021251211859
Lesotho,LSO,112,0.0,110,0.0,110,0.0,106,0.0,106,0.0,108,0.0,110,0.0,112,0.0,105,0.0,96,0.0,93,0.0
Liberia,LBR,112,0.0,110,0.0,110,0.0,106,0.0,106,0.0,108,0.0,110,0.0,112,0.0,105,0.0,96,0.0,93,0.0
Libya,LBY,23,5.44632843330534,18,6.18414278858152,15,6.66306198470035,14,7.1828605005474,15,6.89955220601417,19,6.45341498653158,16,6.76472063240876,21,6.30187130968081,25,5.63336071722287,27,5.12301950788881,32,4.72983025971423
Lithuania,LTU,112,0.0,110,0.0,110,0.0,106,0.0,106,0.0,108,0.0,110,0.0,84,1.73086448260274,85,1.24105004001805,85,0.826318935360223,86,0.508313378859537
Madagascar,MDG,72,2.36465995360453,69,2.48990864139466,47,3.73142126088077,59,3.13199291989236,47,4.4388516620323,56,3.84197057559517,62,3.24660229978686,68,2.58199473478214,70,2.02517561733704,96,0.0,93,0.0
Malawi,MWI,112,0.0,110,0.0,110,0.0,106,0.0,106,0.0,108,0.0,110,0.0,112,0.0,105,0.0,96,0.0,93,0.0
Malaysia,MYS,77,2.17728451044181,73,1.97378670117656,58,3.13199291989236,65,2.80416888110616,56,3.43835910425916,66,2.84378461489953,67,2.93554470372368,72,2.30659840182477,65,2.53256457890395,68,1.86082737386225,75,1.35652695948864
Mali,MLI,22,5.49641260335714,19,5.89591272480977,21,5.97705352309634,16,6.88435850771719,13,7.04000985903159,10,7.50505177767785,9,7.70818340581267,8,7.82466938229563,7,7.92538497976542,7,8.16929698636834,4,8.41239241064137
Mauritania,MRT,53,3.36737929077001,65,2.61204016889894,76,1.98256639379373,86,1.40895466531747,106,0.0,108,0.0,83,1.73086448260274,90,1.24105004001805,88,0.826318935360223,86,0.508313378859537,87,0.290978597681926
Mauritius,MUS,112,0.0,110,0.0,110,0.0,106,0.0,88,1.24105004001805,96,0.826318935360223,103,0.508313378859537,105,0.290978597681926,100,0.157670277511823,96,0.0,93,0.0
Mexico,MEX,62,2.97524705967317,67,2.55538364146546,78,1.89048030040625,69,2.57321504216497,60,3.21986461753708,54,3.9508089624169,54,3.79600461062633,57,3.62840648623209,58,3.02897814524368,62,2.40310149537106,72,1.5778561694534
Moldova,MDA,82,1.93774847442113,85,1.42574727634863,110,0.0,106,0.0,88,1.24105004001805,96,0.826318935360223,103,0.508313378859537,105,0.290978597681926,100,0.157670277511823,96,0.0,93,0.0
Mongolia,MNG,112,0.0,110,0.0,110,0.0,106,0.0,106,0.0,108,0.0,110,0.0,112,0.0,105,0.0,96,0.0,93,0.0
Montenegro,MNE,103,0.508313378859537,105,0.290978597681926,106,0.157670277511823,106,0.0,106,0.0,108,0.0,110,0.0,112,0.0,105,0.0,96,0.0,93,0.0
Morocco,MAR,45,4.02799723923586,52,3.43673508069284,63,2.85021432700837,75,2.28223644448305,106,0.0,108,0.0,71,2.72646182003247,77,2.16322253728063,78,1.63192329244602,79,1.1544986362098,83,0.757098618500233
Mozambique,MOZ,106,0.290978597681926,60,3.02897814524368,50,3.58842437539301,63,3.00252983635947,48,4.42600161438672,41,4.79272002054926,20,6.4431232872071,13,7.33235194646276,9,7.88170283192082,11,7.48250353864604,12,7.32990404589585
Myanmar,MMR,20,5.5806365134653,23,5.21300040708467,29,4.63559176266966,40,4.49990959446792,43,4.60708635500437,40,4.83471971779136,42,4.79542672790728,23,6.07440059984617,24,5.93476970087857,10,7.56852236706278,9,7.97667917599247
Namibia,NAM,112,0.0,110,0.0,110,0.0,106,0.0,106,0.0,108,0.0,110,0.0,112,0.0,105,0.0,96,0.0,93,0.0
Nepal,NPL,28,5.13906010042154,33,4.58367189189854,43,3.89810087131347,54,3.36737929077001,57,3.43673508069284,42,4.77664471573444,32,5.25391243661138,27,5.51130264570572,29,5.25192211974915,34,4.71215828242653,36,4.1344013857005
Netherlands,NLD,112,0.0,110,0.0,110,0.0,106,0.0,106,0.0,72,2.26979317520095,74,2.45014106978246,58,3.49639958435863,60,3.00252983635947,59,2.71155123867754,67,2.11961032363824
New Zealand,NZL,112,0.0,110,0.0,110,0.0,106,0.0,106,0.0,108,0.0,110,0.0,28,5.49098880115022,35,4.89307048725215,42,4.37039630965821,46,3.77647271224013
Nicaragua,NIC,91,1.05831156396975,94,0.681851850109894,44,3.89714688081969,56,3.3072114155563,68,2.72646182003247,75,2.16322253728063,85,1.63192329244602,112,0.0,105,0.0,96,0.0,93,0.0
Niger,NER,60,3.17484667681632,45,3.83070609987766,34,4.38354929772852,19,6.64669566989314,19,6.67529032363473,18,6.59261317254196,19,6.54882015714312,14,7.22745567148709,12,7.41772140630253,8,7.8585898914084,10,7.61620676036391
Nigeria,NGA,6,8.09834217820618,5,8.33560425721973,3,8.92098641839585,2,9.11226951135466,2,8.76068841186664,4,8.64388665643285,4,8.50647222108339,4,8.38968179439523,4,8.43495388741253,5,8.27004714971001,8,8.06481125280975
North Korea,PRK,112,0.0,110,0.0,110,0.0,106,0.0,106,0.0,108,0.0,110,0.0,112,0.0,105,0.0,96,0.0,93,0.0
North Macedonia,MKD,112,0.0,110,0.0,87,1.24105004001805,46,3.99794351734149,58,3.40696873628666,63,2.92385814351269,75,2.35335531818662,82,1.79828502296523,97,0.290978597681926,95,0.157670277511823,93,0.0
Norway,NOR,21,5.57448332863637,28,4.97642615060353,35,4.37973363060897,48,3.78412095674011,106,0.0,89,1.24105004001805,98,0.826318935360223,78,2.10457007854592,79,1.5778561694534,80,1.10774171984795,49,3.51441674218374
Oman,OMN,103,0.508313378859537,105,0.290978597681926,106,0.157670277511823,106,0.0,106,0.0,108,0.0,110,0.0,112,0.0,105,0.0,96,0.0,93,0.0
Pakistan,PAK,2,9.15262024354674,2,9.18125906605939,2,9.0019725007018,4,8.74912536576618,4,8.60083118874692,5,8.52563680755891,5,8.37367314405971,5,8.07863941835053,8,7.91604572205567,9,7.85252424812968,6,8.16015314210701
Palestine,PSE,34,4.6298835419782,36,4.46498334187374,38,4.05624774971634,27,5.75189284954739,26,5.82082938688291,26,5.736783968823,27,5.67307211239933,31,5.40959239726097,33,4.97916197159738,32,4.73600348307829,33,4.61127624835016
Panama,PAN,91,1.05831156396975,94,0.681851850109894,106,0.157670277511823,106,0.0,106,0.0,108,0.0,110,0.0,112,0.0,105,0.0,96,0.0,93,0.0
Papua New Guinea,PNG,112,0.0,110,0.0,110,0.0,106,0.0,106,0.0,108,0.0,110,0.0,112,0.0,105,0.0,96,0.0,93,0.0
Paraguay,PRY,65,2.56434529984762,38,4.40078109664335,42,3.90285510151115,43,4.38680652302897,46,4.467454884839,55,3.90380281918947,56,3.6765332623686,60,3.34958458278726,62,2.91201148846254,64,2.14892812431294,71,1.60531219912934
Peru,PER,31,4.85702584043239,30,4.71919668221384,30,4.552029619684,41,4.49130937921942,45,4.51965027574502,50,4.23302879055083,50,4.21735236802828,54,3.85208522066337,55,3.2072396882827,38,4.46448818451987,41,3.8560981851493
Philippines,PHL,13,7.21193612433352,12,7.20014232661347,14,6.91121369469485,20,6.63695007811965,18,6.7757039090188,13,7.05433195359605,12,7.1957331109355,15,7.17956392947668,15,7.08055384570547,17,6.78627910828154,18,6.32798374961516
Poland,POL,112,0.0,110,0.0,110,0.0,106,0.0,84,1.52018198264983,95,1.05831156396975,102,0.681851850109894,104,0.406455517152519,99,0.226890594371813,96,0.0,93,0.0
Portugal,PRT,112,0.0,110,0.0,110,0.0,106,0.0,106,0.0,108,0.0,110,0.0,112,0.0,105,0.0,96,0.0,93,0.0
Qatar,QAT,112,0.0,110,0.0,110,0.0,106,0.0,106,0.0,108,0.0,110,0.0,112,0.0,105,0.0,96,0.0,93,0.0
Republic of the Congo,COG,112,0.0,110,0.0,110,0.0,106,0.0,106,0.0,108,0.0,110,0.0,112,0.0,105,0.0,96,0.0,93,0.0
Romania,ROU,112,0.0,110,0.0,110,0.0,106,0.0,106,0.0,108,0.0,72,2.59929115724318,79,2.04164834957969,80,1.52018198264983,81,1.05831156396975,84,0.681851850109894
Russia,RUS,10,7.49014503634554,11,7.37331707769546,13,6.95911985526733,23,6.39645292224751,24,6.02936973110517,23,5.88294679433945,30,5.42604006487656,37,4.88488483736806,39,4.68418616304246,44,4.2186696451983,45,3.79921746495303
Rwanda,RWA,51,3.67899355505194,37,4.43987146438505,45,3.80772717489635,59,3.13199291989236,72,2.55538364146546,78,1.93774847442113,110,0.0,76,2.26979317520095,76,1.73086448260274,76,1.24105004001805,79,0.826318935360223
Saudi Arabia,SAU,52,3.59114813290422,61,3.00252983635947,36,4.19329167956085,25,5.85869186421886,28,5.75401394447291,32,5.33687796536509,40,4.961780013148,45,4.47970774346714,49,3.8560981851493,54,3.10617630738021,63,2.38683533002177
Senegal,SEN,76,2.21814844117293,81,1.68280810349464,96,0.508313378859537,106,0.0,106,0.0,108,0.0,63,3.24457464986636,66,2.66521199549208,69,2.10457007854592,72,1.5778561694534,77,1.10774171984795
Serbia,SRB,68,2.45014106978246,71,2.34764709749515,81,1.75392697719821,90,1.24105004001805,95,0.826318935360223,106,0.290978597681926,110,0.0,112,0.0,105,0.0,96,0.0,93,0.0
Sierra Leone,SLE,72,2.36465995360453,78,1.81963900407464,86,1.31972173286483,96,0.890406938670335,101,0.555070295221389,108,0.0,110,0.0,112,0.0,105,0.0,96,0.0,93,0.0
Singapore,SGP,112,0.0,110,0.0,110,0.0,106,0.0,106,0.0,108,0.0,110,0.0,112,0.0,105,0.0,96,0.0,93,0.0
Slovakia,SVK,103,0.508313378859537,105,0.290978597681926,106,0.157670277511823,106,0.0,106,0.0,108,0.0,110,0.0,112,0.0,105,0.0,96,0.0,58,2.78365901162542
Slovenia,SVN,112,0.0,110,0.0,110,0.0,106,0.0,106,0.0,108,0.0,110,0.0,112,0.0,105,0.0,96,0.0,93,0.0
Somalia,SOM,7,7.96412287824411,7,7.82010033437536,7,7.67883911695263,8,7.69863379983345,5,8.18490875982509,3,8.73583587614976,3,8.67457999951746,3,8.57545882457188,3,8.48952265721841,3,8.4285365065514,3,8.46303091321381
South Africa,ZAF,112,0.0,110,0.0,110,0.0,90,1.24105004001805,95,0.826318935360223,102,0.508313378859537,70,2.85021432700837,74,2.28223644448305,76,1.73086448260274,76,1.24105004001805,79,0.826318935360223
South Korea,KOR,112,0.0,110,0.0,110,0.0,85,1.52018198264983,93,1.05831156396975,100,0.681851850109894,107,0.406455517152519,109,0.226890594371813,105,0.0,96,0.0,93,0.0
South Sudan,SSD,112,0.0,48,3.74745760400636,49,3.59926830800999,45,4.07276543075157,55,3.48109312645987,65,2.89697124337022,77,2.17728451044181,86,1.53496511690485,105,0.0,96,0.0,93,0.0
Spain,ESP,55,3.25666984416089,70,2.38683533002177,79,1.84047838100646,88,1.2812801910983,84,1.52018198264983,36,5.14652012465434,45,4.57760922704372,51,4.03453634256551,52,3.44321295588794,55,2.85659658693498,60,2.71155123867754
Sri Lanka,LKA,24,5.44377836202913,39,4.20071483496667,82,1.61872010018452,99,0.757098618500233,103,0.458883222981342,86,1.52018198264983,64,3.12269398841545,18,6.63518092830345,22,6.03615498474211,25,5.43753087732316,29,4.83922720831201
Sudan,SDN,25,5.39654246903088,26,5.05395337043641,33,4.47678285129366,42,4.47531668711951,53,3.82137931006798,59,3.61396011347678,68,2.88781991675726,74,2.28223644448305,84,1.31972173286483,84,0.890406938670335,93,0.0
Sweden,SWE,89,1.45838482119566,92,0.950071442336124,100,0.290978597681926,61,3.06469735854517,66,2.7555332060325,57,3.78737818204056,61,3.26464033648049,65,2.80078417113018,68,2.16322253728063,71,1.60531219912934,64,2.30659840182477
Switzerland,CHE,87,1.52018198264983,90,1.05831156396975,95,0.681851850109894,104,0.406455517152519,106,0.0,89,1.24105004001805,78,2.16322253728063,85,1.63192329244602,57,3.09418176981569,56,2.77671285143021,65,2.20474054011775
Syria,SYR,4,8.23807858679659,4,8.44595320595531,5,8.30623730391227,6,8.02566506801314,7,8.09880903867056,7,7.9635080118015,8,7.82179614630118,6,7.91999034103741,5,8.31513238216964,6,8.26125077445303,5,8.16124283985543
Taiwan,TWN,112,0.0,110,0.0,110,0.0,106,0.0,106,0.0,86,1.52018198264983,96,1.05831156396975,102,0.681851850109894,96,0.406455517152519,94,0.226890594371813,93,0.0
Tajikistan,TJK,40,4.29303845179251,49,3.73603349738636,57,3.2072396882827,95,1.10774171984795,100,0.681851850109894,71,2.30659840182477,29,5.46677364783521,35,5.17486198878431,40,4.57760922704372,47,3.98251569360224,50,3.43835910425916
Tanzania,TZA,112,0.0,79,1.73086448260274,41,3.92716437740575,49,3.69119110980051,61,3.17704437125172,68,2.59929115724318,79,2.02517561733704,56,3.73257662818009,36,4.82334712093645,35,4.66042770867489,38,4.06493920272372
Thailand,THA,9,7.49981028301722,9,7.46915040588414,9,7.38503124914564,13,7.2451106405079,12,7.10705416202409,15,6.90127006236044,18,6.6616578475248,19,6.56725767193117,19,6.17890593511953,22,5.72660107492515,26,5.43010356401221
The Gambia,GMB,112,0.0,110,0.0,110,0.0,106,0.0,106,0.0,108,0.0,110,0.0,112,0.0,105,0.0,96,0.0,93,0.0
Timor-Leste,TLS,112,0.0,110,0.0,110,0.0,106,0.0,106,0.0,108,0.0,110,0.0,112,0.0,105,0.0,96,0.0,93,0.0
Togo,TGO,112,0.0,110,0.0,110,0.0,106,0.0,106,0.0,108,0.0,110,0.0,112,0.0,105,0.0,76,1.24105004001805,27,4.91452749604481
Trinidad and Tobago,TTO,112,0.0,110,0.0,110,0.0,106,0.0,106,0.0,108,0.0,110,0.0,112,0.0,105,0.0,96,0.0,93,0.0
Tunisia,TUN,54,3.34417397726558,29,4.91687907409454,22,5.37676323416962,24,6.28429629859363,23,6.03478606886304,29,5.61823050721013,28,5.5231784237347,34,5.23826510669601,37,4.74964515540745,39,4.45702659987882,40,3.98854815061379
Turkey,TUR,11,7.38746309910131,13,7.01562557869929,17,6.46989427809295,9,7.50347528882979,6,8.17335727543639,8,7.83444000770734,11,7.41075633513863,16,7.04267726448863,17,6.48419827648613,23,5.67868608153122,23,5.60030397717011
Turkmenistan,TKM,112,0.0,110,0.0,48,3.60997794698564,50,3.651537525376,63,3.06469735854517,70,2.48990864139466,81,1.93774847442113,95,1.00588385814093,105,0.0,96,0.0,93,0.0
Uganda,UGA,33,4.63477860577392,42,4.03940842471919,54,3.446433787525,57,3.24457464986636,69,2.66521199549208,76,2.10457007854592,86,1.5778561694534,92,1.10774171984795,105,0.0,45,4.1919351423495,48,3.59926830800999
Ukraine,UKR,50,3.78954286976635,54,3.32773603641734,53,3.48109312645987,31,5.38466093558856,38,4.9354649831696,44,4.60414130420658,49,4.32911365154739,55,3.82864215547336,61,2.958454448642,63,2.30057195029442,73,1.53496511690485
United Arab Emirates,ARE,112,0.0,110,0.0,70,2.45014106978246,76,2.26979317520095,79,1.73086448260274,89,1.24105004001805,98,0.826318935360223,109,0.226890594371813,105,0.0,96,0.0,76,1.24105004001805
United Kingdom,GBR,35,4.56843478474988,32,4.58969234989311,32,4.4970523486036,38,4.52797454392638,37,4.96595037468554,22,6.0263640153452,26,5.69040611457597,32,5.35863713757113,32,5.0212772833144,37,4.55292438675287,42,3.83993337254492
United States of America,USA,39,4.31803762983372,25,5.05720400310108,25,5.02775710004577,32,5.32962295389738,25,5.88044572477994,17,6.61403521123875,21,6.1499103429367,24,6.04176897651031,27,5.53287983711359,28,5.01841070987634,30,4.79879824209937
Uruguay,URY,95,0.890406938670335,97,0.555070295221389,110,0.0,106,0.0,106,0.0,82,1.73086448260274,91,1.24105004001805,96,0.826318935360223,74,1.81963900407464,75,1.31972173286483,79,0.826318935360223
Uzbekistan,UZB,83,1.84047838100646,87,1.33832013343272,100,0.290978597681926,88,1.2812801910983,95,0.826318935360223,102,0.508313378859537,108,0.290978597681926,111,0.157670277511823,105,0.0,96,0.0,70,1.73086448260274
Venezuela,VEN,69,2.40845626353178,63,2.64919686567386,80,1.79828502296523,72,2.46025571485066,76,2.16322253728063,85,1.63192329244602,34,5.12832287680465,42,4.53119024275218,47,3.9894065053194,46,3.999640853107,51,3.40864957703915
Vietnam,VNM,112,0.0,110,0.0,110,0.0,106,0.0,106,0.0,108,0.0,87,1.52018198264983,93,1.05831156396975,89,0.681851850109894,88,0.406455517152519,89,0.226890594371813
Yemen,YEM,5,8.09851264854003,6,7.98373208481024,6,7.97955827045849,5,8.04071476546904,9,7.88990096485981,11,7.4970067274655,13,7.18571875654742,17,6.84737091116462,20,6.15868362248814,21,5.88620654742605,22,5.61640219300924
Zambia,ZMB,112,0.0,110,0.0,110,0.0,106,0.0,106,0.0,108,0.0,110,0.0,112,0.0,105,0.0,96,0.0,93,0.0
Zimbabwe,ZWE,112,0.0,110,0.0,110,0.0,106,0.0,106,0.0,108,0.0,110,0.0,112,0.0,105,0.0,96,0.0,93,0.0
